part_description,FINIS
Retail Decorative Carton-REVER,0376
Retail Decorative Carton-REVER,0381
SHAFT ASY - DRIVE,4602
HOSE - FILLER PIPE,9047
HOSE - VENT,9170
WIRING ASY - REAR LAMPS,14405
WIRING ASY - REAR LAMPS,14405
WIRING ASY - REAR LAMPS,14405
WIRING ASY - REAR LAMPS,14405
SHAFT ASY - DRIVE,4R602
SHAFT ASY - DRIVE,4R602
SHAFT ASY - DRIVE,4R602
CONVERTER ASY - VOLTAGE,14B227
HOOK - TOWING - FRONT,17A954
BAR ASY - TOWING,17D826
COVER ASY - SEAT BACK,2664416
TUBE,8555
MODULE - ENGINE CONTROL - EEC V,2901092
TURBOCHARGER ASSY,2897913
WIRE ASSY - JUMPER,2910363
WIRE ASSY - JUMPER,2910367
WIRE ASSY - JUMPER,2910368
WIRE ASSY - JUMPER,2910372
WIRE ASSY - JUMPER,2910388
WIRE ASSY - JUMPER,2910391
WIRE ASSY - JUMPER,2910410
CABLE - BATTERY TO STARTER MOTOR,2910461
BELT AND BUCKLE ASSY,2873629
GUARD - FRONT SPLASH,2908142
CABLE - BATTERY TO STARTER MOTOR,2909764
WIRE - PARKING DISTANCE AID SENSOR,2910891
CABLE - BATTERY - ELECTRIC VEHICLE,2910900
WIRING ASSY - ALTERNATOR,2910905
ARM ASSY - REAR SUSPENSION,2910913
WIRE ASSY - JUMPER,2910917
CABLE - BATTERY TO STARTER MOTOR,2910919
CARPET - FLOOR,2910967
CARPET - FLOOR,2910970
MAT - FRONT FLOOR,2910999
MAT - FRONT FLOOR,2911018
TERMINAL,5381213
TERMINAL,2703711
TERMINAL,6197521
CABLE - BATTERY TO STARTER MOTOR,2909758
HUB AND DRUM ASSY - WHEEL,4053719
HUB AND DR,1302660
HUB AND DR,1359498
DRUM - BRAKE,5091629
DISC - BRA,1385387
DISC - BRA,5019806
DISC - BRAKE,2819740
DISC - BRAKE,1879954
KIT - LOCATING PINS AND BOLTS,2408128
KIT - BRAKE ANTI-LOCK ACTUATION RE,2638408
KIT - GASKET REPAIR,1501253
SPRING - BRAKE CALIPER,2639606
KIT - CALIPER BRAKE PAD MTG PARTS,5281019
KIT - BUSH,1550232
CABLE-PARK,1066328
CABLE ASSY,1548385
CABLE ASSY - PARKING BRAKE,1686653
CABLE-PARK,1677419
CABLE ASSY - PARKING BRAKE,1095564
CABLE ASSY - PARKING BRAKE,4041988
CABLE-PARK,1664703
CABLE-PARK,1522649
CABLE-PARK,6118803
CABLE ASSY,1477102
CABLE ASSY - PARKING BRAKE,2475947
HOSE-VACUU,6161405
TUBE - VACUUM,1087192
VALVE ASSY - LIGHT LADEN,6913009
TUBE - VACUUM,1027372
TUBE - VACUUM,1018349
SUPPORT,1021208
PIPE - VACUUM,6200585
TUBE - VACUUM,1384379
TUBE - VACUUM,1141866
BOOSTER ASSY - BRAKE,4059099
TUBE - VACUUM,1681475
TUBE - VACUUM,6710892
MASTER CYL,1205178
GROMMET,1127839
BOOSTER -,3687473
BOOSTER -,1545922
BOOSTER -,6121271
TUBE ASY,6159578
PLUG,1462907
KIT-M/CYL.,3255274
BOOSTER,1587123
SPRING,1510846
BOOSTER ASSY - BRAKE,2400490
BOOSTER ASSY - BRAKE,2383970
TUBE - VACUUM,1580821
BOOSTER ASSY - BRAKE,2249359
PISTON ASY,1481095
VALVE ASY,1612333
TUBE-BRKE-NYLON,1905144
TUBE - BRAKE,1896708
PIPE - BRA,6189820
TUBE ASSY - BRAKE,2901416
TUBE ASSY - BRAKE,2901410
HOSE ASSY - BRAKE,1613350
HOSE ASSY - BRAKE,1460255
HOSE-BRAKE,4706415
TUBE ASSY - BRAKE,1775222
VALVE - BRAKE PRESSURE REDUCING,1140395
TUBE ASSY - BRAKE - NYLON,1669351
TUBE - BRA,4786254
TUBE-BRKE-,1461340
CONNECTION,3656750
TUBE-BRKE-,1433506
TUBE BRAKE,6087371
PIPE,1729682
GROMMET,3251092
TUBE - VACUUM,2321464
TUBE ASSY - BRAKE - NYLON,1538659
PIPE - BRAKE,2390222
PIPE - BRAKE,2586103
PIPE - BRAKE,2390212
CLIP,2475548
TUBE ASSY - BRAKE - NYLON,1539861
HOSE ASSY - BRAKE,2061951
KIT,1469960
CLIP,2588390
PIPE - BRAKE,2562006
TUBE ASSY - BRAKE - NYLON,1793172
TUBE,2210547
HOSE ASSY - BRAKE,1726951
HOSE ASSY - BRAKE,1333957
TUBE - VACUUM,2584890
CLIP,2588360
HOSE ASSY - BRAKE,4447381
HOSE ASSY - BRAKE,2044440
TUBE ASSY - BRAKE,1936681
HOSE ASSY - BRAKE,2177643
TUBE,2800944
PIPE - BRAKE,1780095
HOSE ASSY - BRAKE,1937396
HOSE ASSY - BRAKE,2638637
TUBE ASSY - BRAKE,2212047
TUBE,2890039
CONNECTOR,1649883
HOSE ASSY,1750187
HOSE ASY,1664962
VALVE LAV,1605127
HOSE ASSY,1795445
PEDAL - BRAKE,2055513
SHIELD,1652231
ELBOW,6111628
PUMP ASY-V,7072650
HOSE-VACUU,6145036
CLIP,6154355
KIT,6094079
TUBE-COMPR,6110956
PISTON,6171296
SHAFT-PEDA,1621202
SHIELD - SPLASH,2865680
BOOT,2478936
PEDAL ASSY - BRAKE,1135061
CAP - FILLER,1223485
SHIELD - SPLASH,2899055
PUMP ASSY - VACUUM,1454522
RING - SEA,1719493
RING - SEA,1508720
BRACKET - BRAKE HOSE SUPPORT,1763959
PEDAL ASSY - BRAKE,1727099
PEDAL ASSY - BRAKE,1140227
RESERVOIR ASSY,7034903
BUSH,1443382
PEDAL ASSY - BRAKE,4522494
PEDAL AND BRACKET ASSY,1322393
VALVE-PRES,1599167
KIT-FIXING,5018487
TUBE - BRA,4974598
PEDAL - BR,1205183
PEDAL - BR,1223764
HOSE,1950815
SPRING-RET,6069100
PEDAL - BR,3687525
BOLT,6165153
PEDAL,1545373
PLATE,1730021
HOSE-OIL F,3319679
ACTUATOR,6106732
HOSE-COMP,6075161
SHAFT ASY,1553432
TUBE ASSY - BRAKE,1846177
PEDAL AND BRACKET ASSY,2280008
PEDAL ASSY - BRAKE,1834002
PEDAL ASSY - BRAKE,1865710
PEDAL AND BRACKET ASSY,2578129
PEDAL AND BRACKET ASSY,2456422
PEDAL ASSY - BRAKE,4567206
PEDAL AND BRACKET ASSY,2669909
SHIELD - SPLASH,1879999
PEDAL AND BRACKET ASSY,2639703
RESERVOIR ASSY - EXPANSION,1319001
PEDAL ASSY - BRAKE,2556282
BRACKET - BRAKE HOSE SUPPORT,2210409
PEDAL AND BRACKET ASSY,5196377
ISOLATOR,5200750
CLIP,3668776
RESERVOIR ASSY - EXPANSION,1882510
SHIELD - SPLASH,2369759
TUBE ASSY - BRAKE,1302431
SHIELD - SPLASH,1817711
KIT - FIXING PARTS,4387362
PEDAL AND BRACKET ASSY,2877889
TREADLE,1599100
HOSE ASY B,6015971
SEAL-PISTO,1467167
SHIELD BRA,1610871
CYLINDER,1624949
ACTUATOR,6123261
STRAP ASY,6026526
COUPLING &,7333227
RETAINER,3920819
TUBE-OIL,6501739
KIT-PMPBOD,6127645
VALVE ASSY,6919903
WHEEL-STEE,1057961
SPRING,6623519
SHROUD ASSY - STEERING COLUMN,1599172
COVER ASSY - STEERING GEAR PINION,6484866
HOSE ASSY - PUMP TO STEERING GEAR,7109770
SEAL,6142291
RESERVOIR AND COVER ASSY - OIL,7013710
NUT - HEX.,1733260
SHROUD ASSY - STEERING COLUMN,1335547
SHROUD ASSY - STEERING COLUMN,6796395
RING ASSY - HORN CONTACT,6621018
KIT - GASKET,6081656
SHROUD ASSY - STEERING COLUMN,1346654
ROD ASSY - DRAG LINK,6133799
HOSE ASSY,1517230
HOSE,1426724
SHROUD STR,1609171
TUBE ASSY,1135835
SEAL-DUST,1467857
KIT-STRG G,6910640
KIT-GASKET,6123764
BOLT,6186814
BUSH,6140573
SHROUD STG,1517438
HUB STRG W,9055849
COVER STRG,1615654
CAP,1620030
SHAFT,4052966
WIRE-JUMPE,1012121
HOSE ASSY,1613015
KIT-TIE RO,1101533
BRACE ASY,1401368
SPRING,7203892
HOSE,6118359
RING,6026616
HOUSING,2114936
HOUSING,1876444
BRACKET ASSY - POWER STEERING PUMP,1152890
COVER AND CONTACT PLATE ASSY,5357262
BOOT,2560561
SHAFT ASSY,1894614
SEAL,1403422
SHROUD ASSY - STEERING COLUMN,2565808
SHROUD ASSY - STEERING COLUMN,2565802
HOUSING,2671643
CONNECTOR,6737679
COUPLING AND UJ - STEERING SHAFT,6737928
MODULE AND HOUSING,2011198
SHROUD ASSY - STEERING COLUMN,2721382
COVER AND CONTACT PLATE ASSY,5152955
HOSE ASSY - RESERVOIR TO PUMP,1465873
SEAL,1879197
BUSH,6100600
HOSE PWR S,6040626
BEARING AS,1418089
CUP-STRG-B,1459719
COLUMN ASY,6984326
RESERVOIR,6101350
HOSE PAS,6034288
BUSH,1792212
STEERING W,1623044
SHROUD-STG,1602708
VALVE,6041305
WHEEL STNG,1561971
SHROUD-STG,1603286
SHROUD,1486497
PINION,1561335
RESERVOIR,6116466
WHEEL ASSY,7071940
SLEEVESTRG,1561817
SHROUD-STR,3251546
INJECTOR ASSY,3899637
NOZZLE AND HOLDER - FUEL INJECTOR,1048436
INJECTOR ASSY,1334771
NOZZLE-FUE,1576178
REINFORCEM,5017664
RETAINER,7324879
SPRING,3251184
LENS & REF,6065899
KIT-LUGG.,5021307
HOSE-ELBOW,6426024
COVER & PA,1103793
CAP,1003182
REFLECTOR,6156405
REPAIR PAN,1595896
BRACKET-H/,6142042
LAMP ASSY - L.E.D.,2839822
CAP - BULB SEALING,1102437
SOCKET ASSY - FLASHER LAMP,4986205
LENS AND REFLECTOR ASSY,1003857
RING ASSY,1640383
INDIC LENS,0409009
LAMP & SCT,1422796
BUMPER-FRO,1152813
LAMP - INT,6058829
BRACKET-FO,6077369
SWITCH,6011662
LENS,1754318
LAMP ASY,1719784
LAMP BACK,6065560
ARM ASSY,1543898
BEZEL,1732221
LAMP,0625389
REFLECTOR,6120131
BODY,0463484
FRAME - INTERIOR LAMP,2770774
SOCKET AND WIRE ASSY - LAMP,2612193
LAMP ASSY,2017505
LAMP ASSY - FOG - FRONT,2514860
LAMP ASSY - REAR - HIGH MOUNTED,1510848
SOCKET AND WIRE ASSY - LAMP,2455399
BASE - REAR LAMP,2632191
HOLDER ASSY - BULB,1918793
LAMP ASSY,5325271
PARKING LIGHT - WITHOUT BULB,2482743
FRAME - INTERIOR LAMP,1814091
SOCKET ASSY - FLASHER LAMP,1786253
SOCKET AND WIRE ASSY - LAMP,2557419
CONTROL AND ACT. - H/LAMP LEVELLIN,2318977
COVER ASSY - REAR LIGHT CLUSTER,1923024
LAMP ASSY - FLASHER,2556712
SOCKET AND WIRE ASSY - LAMP,2487733
GUARD - REAR LAMP LENS,2616601
COVER ASSY - REAR LIGHT CLUSTER,1938191
LAMP ASSY,2780474
LAMP ASSY - INTERIOR,1546021
LAMP ASSY - STOP - ADDITIONAL,1535269
LAMP ASSY,5237524
LAMP ASSY - FOG - FRONT,5346265
GUARD ASY,1467581
LAMP,6114905
LAMP,1475229
LAMP ASY,1490166
HELLA ACC.,9095001
GASKET,6160050
BRKT ASSY,1528929
HELLA ACC.,3105360
LENS,0604579
LENS,0463023
SHIELD,6026763
BUMP GUARD,1549293
H/LMP UNIT,5003824
LAMP-LUGG.,3253747
LENS,1461502
VALVE,3255909
CLIP,6552125
KIT-FIXING,1095082
INSULATOR,6524718
RESISTOR A,6505048
LEVER,3475766
ROTOR ASSY - DISTRIBUTOR,1641611
ROTOR ARM,5022810
CONDENSER,5000597
WIRING ASS,1037908
WIRING ASS,1037903
CONTROL UNIT,2822684
TUBE,3241895
CONDENSER,5027562
ROTOR ASY,5009173
REGULATOR-,5011787
CAP,1712625
CAP-DISTR,5025632
CONTACT SE,5009127
SENSOR-CRS,1543866
KIT,1555595
KIT,1579525
DRIVE ASY,1587477
ARMATURE,6205038
BRUSH,0541700
SEAL,1513135
SPRING,1739191
ARMATURE,1470620
PINION,6104810
ARMATURE,6123025
COIL,1436388
LEVER,6202249
NOZZLE ASY,1599774
PINION - D,3253549
ARMATURE,1751271
LEVER,6205049
KIT-DRIVE,1554192
BEZEL,6202517
CABLE,6081929
SPEEDOMETE,1647924
TUBE-OIL P,1515184
TACHOGRAPH,6168071
TACHOMETER,7117134
HOUSING-CL,1632651
LAMP - WAR,1613469
SENSOR ASS,6204846
TACHOMETER,6172346
SENDER AND,1464739
ADAPTOR-T/,6170878
OIL HOSE,0708782
SENDERA-F/,1205430
SENSOR-TRI,1153065
TACHOGRAPH,1532463
GAUGE-FUEL,6470597
LAMP - WAR,6135838
SHAFT-SPEE,1642468
BEZEL-INST,1595771
CABLE TACO,1427565
SPEEDO ASY,1451543
SPEEDO ASY,6922039
CABLE TACO,6060074
BEZEL,1403289
SWITCH ASY,1711894
TACHOGRAPH,1639459
INST. CLUS,7203430
TACHOMETER,6089399
SPEEDO ASY,7157370
TACHOGRAPH,6121206
SWITCH,6105225
SPEEDO ASY,6015059
SPEEDO CBL,1411592
SPEEDO CBL,1411676
SWITCH,6105215
SOCKET,3142031
METER-FUEL,1419964
PLATE,6046646
LAMP,1550251
ADAPTOR,1748944
TACHOMETER,6049050
BEZEL,6107057
GAUGE FUEL,6072194
COVER - OP,1039043
RELAY,6069670
DECAL,7087032
RELAY,6538670
SOLENOID ASSY - LOCK,7269624
CONNECTOR - WIRING,7203562
RELAY,1557370
SWITCH ASSY,1771086
MOTOR - WI,1804410
SWITCH ASSY - LIGHTING,1095194
SWITCH ASSY,1416532
SWITCH ASSY - WINDOW,1326828
SWITCH ASSY,1589133
WIRE ASSY - JUMPER,1441706
SWITCH ASS,1117874
RELAY,3243139
WARRANTY,3222920
SWITCH,1455419
SWITCH-DIR,3255213
GASKET,6062769
CONTROL,2595683
CONTROL,2595719
CONTROL UNIT,1724009
SWITCH - PARKING BRAKE WARNING LAM,1728246
CONTROL,2321868
CONTROL,2189030
CONTROL UNIT,1837414
CONTROL - CLIMATE,2625594
SWITCH ASSY - LIGHTING,1784760
CONTROL UNIT,1366162
MODULE,1440509
SWITCH ASSY - STEERING WHEEL,2716203
CONTROL,1841581
SWITCH ASSY - STEERING WHEEL,1751603
SWITCH ASSY - REVERSING LAMP,1096415
SWITCH ASSY,1367361
CONTROL,2473887
CONTROL UNIT,6290374
SWITCH - WINDOW CONTROL - SINGLE,2835707
CONTROL UNIT,2820868
CONTROL,2211681
SWITCH ASSY - HEATER BLOWER,7112014
CONTROL UNIT,2664828
SWITCH - WINDOW CONTROL - SINGLE,2599676
CONTROL UNIT,5340907
CONTROL AND ACT. - H/LAMP LEVELLIN,1704503
CONTROL UNIT,1693115
CONTROL UNIT,2012100
CONTROL UNIT,2774775
CONTROL UNIT,2701661
SWITCH ASSY - HEADLAMPS,2502612
SWITCH ASSY,1566978
SWITCH ASSY - STEERING WHEEL,2564066
CONTROL,2860403
BEZEL,6061511
DIODE ASSY,3108327
WIRE-JUMPER,2270254
WIRING-ENG.COMP,1854777
WIRE ASSY - JUMPER,2896642
SOCKET AND,1797244
WIRE-JUMPE,1025886
WIRING-MAI,7234899
WIRE-JUMPE,6671386
WIRE-JUMPE,1090036
WIRING-MAI,1000418
WIRING-MAI,1204374
WIRING ASS,1048686
WIRING ASS,6705239
PASSENGER,1133498
KIT - FUSE,5023485
WIRING-EXH,1052822
WIRE-JUMPE,4404610
WIRING-MAI,1022617
CABLE-EXTE,1128433
WIRING-RR,1205973
WIRING-ENG,1089705
WIRING-MAI,1014166
WIRE-HTD S,1077731
WIRE-JUMPE,1075817
WIRING ASS,1135715
WIRE-ALARM,1025434
WIRING ASS,1001185
WIRING ASS,1054836
WIRE-JUMPE,1008358
WIRING-MAI,1048066
WIRE-JUMPE,7152210
WIRING-MAI,1111660
WIRE-INJ.,6182488
WIRING-MAI,1039850
WIRING-MAI,1077113
WIRING ASS,1000983
WIRING ASS,6189317
WIRING ASS,1929026
JUMPER WIRING,2870724
WIRING ASSY - TAILGATE,2901885
WIRE ASSY - SEAT BACK CONTROL,2871372
WIRE ASSY - JUMPER,2871347
WIRE ASSY - AIR CONDITIONER,2856648
CABLE ASSY - EXTENSION,1009481
WIRE ASSY - JUMPER,1218678
CABLE ASSY - EXTENSION,1461114
WIRE ASSY - JUMPER,1472780
CABLE ASSY - EXTENSION,1378485
WIRE - PARKING DISTANCE AID SENSOR,1716719
WIRE ASSY - JUMPER,2011753
WIRE ASSY - JUMPER,1375444
WIRE ASSY - JUMPER,1318289
WIRE ASSY - JUMPER,1498679
COVER - ADDITIONAL FUSE BOX,1143545
WIRE ASSY - JUMPER,1802069
CLIP,1324504
WIRING - EXHAUST EMISSION CONTROL,4634376
WIRING ASSY - ENGINE COMPARTMENT,1839655
WIRE ASSY - JUMPER,1535095
WIRE ASSY - JUMPER,1458093
WIRE ASSY - JUMPER,1580598
WIRE - EARTH,5198034
PANEL ASSY - FUSE JUNCTION,1223171
CABLE ASSY - EXTENSION,1497913
WIRE ASSY - FUEL SENDER,1757339
WIRE ASSY - JUMPER,1755878
WIRE ASSY - SWITCHES,1753662
WIRE ASSY - FUEL SENDER,1054533
WIRING ASSY - ENGINE COMPARTMENT,1381543
WIRING - EXHAUST EMISSION CONTROL,1757529
WIRING ASSY - ENGINE COMPARTMENT,1518433
WIRING ASSY - ENGINE COMPARTMENT,1067796
WIRE - EARTH,4449167
WIRING - INSTRUMENT PANEL/RR LAMPS,2899347
JUMPER WIRING,2906787
WIRE ASSY - FUEL SENDER,2872800
JUMPER WIRING,2895270
CABLE ASY - ETHERNET,6420129
WIRE ASSY - JUMPER,2838225
WIRING ASS,1936910
WIRING - INSTRUMENT PANEL/RR LAMPS,2872240
WIRING-MAI,1826813
WIRING ASS,1880735
WIRING ASS,1880748
WIRING-ENG,1903568
WIRE ASSY - SWITCHES,1787666
WIRE ASSY - SWITCHES,1835718
WIRE ASSY - JUMPER,2858787
CABLE ASSY,2598640
WIRE ASSY - JUMPER,2881711
WIRING ASSY - ENGINE COMPARTMENT,2850330
WIRING ASS,1793527
WIRING-MAI,1883321
WIRE-SENSO,5360684
WIRING ASS,1873195
WIRING-MAI,1946910
WIRING ASS,1932667
WIRING-MAI,1912098
WIRING ASS,1912030
WIRING ASS,1844417
WIRING-MAI,1812270
WIRING-MAI,1924760
WIRING ASS,5355392
CABLE - BA,2001481
WIRING-MAI,1755831
WIRING ASS,1935426
WIRING-MAI,1452412
WIRING-MAI,1112891
WIRING-RR,1075452
WIRE-JUMPE,1205707
WIRING ASSY - ENGINE COMPARTMENT,1369360
WIRING ASSY - ENGINE COMPARTMENT,1234503
WIRE - PARKING DISTANCE AID SENSOR,1574001
WIRE ASSY - BRAKE PAD WEAR WARNING,1536977
WIRE ASSY - BRAKE WARNING SWITCH,1346225
WIRE ASSY - JUMPER,1872939
WIRE ASSY - JUMPER,2030385
WIRE ASSY - JUMPER,1365555
WIRING ASSY - ENGINE COMPARTMENT,1737717
WIRING - EXHAUST EMISSION CONTROL,4673535
WIRE ASSY - NAVIGATION SYSTEM,1321474
WIRE ASSY - SWITCHES,1792409
WIRING - EXHAUST EMISSION CONTROL,1512766
WIRE ASSY - SWITCHES,1592639
WIRING ASSY - ENGINE COMPARTMENT,1424795
WIRING - EXHAUST EMISSION CONTROL,4746662
WIRE ASSY - JUMPER,1496056
WIRE ASSY - JUMPER,1344176
TERMINAL,1751808
WIRING ASSY - ENGINE COMPARTMENT,1577540
CABLE ASSY - EXTENSION,1679493
WIRE ASSY - SWITCHES,1792943
WIRE ASSY - JUMPER,1357356
WIRING-ENG,1093522
WIRING-RR,5098975
WIRE ASY-S,1465087
WIRING-MAI,1092522
WIRING ASS,4919616
WIRING-MAI,1125964
WIRE-JUMPE,1440360
WIRING-MAI,1449393
WIRING ASS,1509925
WIRE-FOG L,1202519
WIRING-MAI,4161749
WIRING-MAI,1452192
WIRING-RR,1371130
WIRE-SENSO,1482839
WIRING ASS,4775870
WIRING-MAI,1545874
WIRING-ENG,1115962
WIRING-MAI,1069361
WIRING-MAI,1237722
WIRING-MAI,1505551
SLEEVE-WIR,3491481
SLEEVE-WIR,1226694
WIRING-MAI,1492583
WIRING ASS,6203137
WIRING-MAI,1345467
WIRING,6080123
WIRE-JUMPE,6963404
WIRING-REP,1468110
WIRING ASS,4863332
WIRING-MAI,1151418
WIRING ASS,7152212
WIRE-JUMPE,1433991
WIRE-SENSO,1338788
WIRING-STR,1333440
WIRING-ENG,1385323
WIRING-MAI,1229617
WIRING-MAI,6161122
WIRING-MAI,6176547
WIRING-ENG,6159350
MAIN WIRIN,6173993
WIRE-JUMPE,1220899
WIRING ASS,4637979
WIRING-ENG,1625127
SLEEVE-WIR,1584832
WIRING-MAI,1109376
WIRING-MAI,6131242
WIRING-MAI,1333375
WIRE,6798730
WARNINGTRI,1104671
WIRE,6670569
WIRE,6836682
WIRING,6752246
WIRING,6835622
WIRING ASS,6911503
WIRING-ENG,6197066
WIRING-MAI,6599380
WIRING-ENG,6147057
WIRING-MAI,1418581
WIRE,6034821
WIRING-MAI,4123853
WIRING-MAI,1111672
WIRING-MAI,1346022
WIRING-MAI,1523575
WIRING-MAI,1348218
WIRING ASS,1346606
WIRE-JUMPE,1371468
WIRING-ENG,1371494
WIRE-JUMPE,1254482
WIRING-MAI,1496256
WIRING ASS,1012468
WIRING-MAI,1096647
WIRE-ALARM,7243533
WIRING ASS,1008066
FUSE,6125523
WIRING-ENG,1007832
WIRING-ENG,1004619
WIRING,6054329
WIRING,6482719
WIRING,6091829
WIRING,6063323
WIRING,6695332
WIRING-MAI,1103284
WIRING,6051342
WIRE-JUMPE,1011263
WIRE,6051395
WIRE,6666051
COVER FUSE,1505502
WIRE-JUMPE,1039759
WIRING,6077132
WIRING,7046139
WIRE,7034608
WIRING-MAI,1093414
WIRING,1572194
WIRE,6029521
WIRING,6143842
WIRING-MAI,1055074
WIRE-JUMPE,1012112
WIRING,6131240
WIRING,6014346
WIRING,6165828
WIRE,6978619
WIRING,0800346
WIRING ASS,1050908
WIRE-JUMPE,1049378
WIRING-MAI,1106359
WIRING,6836649
CABLE - BATTERY TO STARTER MOTOR,2770837
WIRE ASSY - FUEL SENDER,2770849
WIRING ASSY - ENGINE COMPARTMENT,2770948
WIRE ASSY - BRAKE PAD WEAR WARNING,2770967
WIRE ASSY - AIR CONDITIONER,2649920
CABLE ASSY,2497664
WIRE ASSY - JUMPER,2058183
WIRE ASSY - JUMPER,2643310
WIRE ASSY - JUMPER,2037641
WIRE ASSY - JUMPER,2429589
WIRE ASSY - JUMPER,2643344
WIRE ASSY - JUMPER,2429635
WIRE ASSY - JUMPER,2285171
WIRE ASSY - JUMPER,1905781
WIRE ASSY - JUMPER,1915809
WIRE ASSY - JUMPER,2368075
CABLE ASSY,2267245
WIRE ASSY - JUMPER,2542219
WIRING ASSY - TRAILER COUPLING,2508919
WIRE ASSY - JUMPER,2401232
CABLE ASSY - EXTENSION,1836331
WIRE - JUMP - CENTRAL DOOR LOCKING,1804133
WIRE ASSY - JUMPER,2316520
WIRE ASSY - JUMPER,2159865
WIRE ASSY - JUMPER,1708888
WIRE ASSY - JUMPER,2316583
WIRING - EXHAUST EMISSION CONTROL,1423003
CABLE - BATTERY TO STARTER MOTOR,1669571
CABLE ASSY - EXTENSION,2385440
WIRING ASSY - TRAILER COUPLING,1815683
WIRING - EXHAUST EMISSION CONTROL,1849672
WIRE ASSY - JUMPER,2504351
WIRE ASSY - FAN MOTOR,1874745
WIRING - REAR DOOR,2681407
WIRING - REAR DOOR,2681409
JUMPER WIRING,2469622
WIRE ASSY - JUMPER,1705946
WIRING ASSY - ALTERNATOR,2709484
WIRE ASSY - FAN MOTOR,1812159
WIRE ASSY - JUMPER,2638425
WIRE ASSY - SWITCHES,1705985
CABLE ASSY - EXTENSION,1682844
WIRE - PARKING DISTANCE AID SENSOR,2424938
WIRE ASSY - FUEL SENDER,2161146
WIRE ASSY - JUMPER,1341322
WIRE ASSY - JUMPER,1322882
WIRING ASSY - ALTERNATOR,2709920
WIRE ASSY - JUMPER,2039165
WIRE ASSY - FUEL SENDER,2161438
WIRE ASSY - JUMPER,2751386
WIRE ASSY - JUMPER,2751424
WIRING - INSTRUMENT PANEL/RR LAMPS,2364104
WIRE ASSY - JUMPER,2714856
WIRE - PARKING DISTANCE AID SENSOR,2237435
WIRE ASSY - JUMPER,2520844
WIRE ASSY - SWITCHES,2039436
WIRE - PARKING DISTANCE AID SENSOR,2460094
WIRE ASSY - SWITCHES,2460086
WIRE ASSY - JUMPER,1738272
WIRE ASSY - SWITCHES,2030535
WIRE ASSY - FUEL SENDER,2744115
WIRE ASSY - JUMPER,1918241
WIRE ASSY - JUMPER,2582133
WIRE ASSY - FUEL SENDER,2030623
WIRE - JUMP - CENTRAL DOOR LOCKING,2392168
WIRE ASSY - JUMPER,2604158
WIRE ASSY - JUMPER,2030669
WIRE - PARKING DISTANCE AID SENSOR,1788270
CABLE ASSY,2045646
WIRING - INSTRUMENT PANEL/RR LAMPS,5148399
WIRE ASSY - FUEL SENDER,2392360
CABLE ASSY - EXTENSION,1424680
WIRE ASSY - FUEL SENDER,2030790
WIRE ASSY - FUEL SENDER,2370656
WIRE - PARKING DISTANCE AID SENSOR,2443384
WIRE ASSY - JUMPER,1342588
WIRE ASSY - FUEL SENDER,2449622
WIRING - EXHAUST EMISSION CONTROL,2521939
WIRE ASSY - JUMPER,2477108
WIRE - PARKING DISTANCE AID SENSOR,2264652
WIRE ASSY - FUEL SENDER,2752727
WIRE ASSY - JUMPER,2376371
WIRING - EXHAUST EMISSION CONTROL,1512496
WIRING ASSY - ALTERNATOR,2346952
WIRING ASSY - REAR LAMPS,2450087
WIRING ASSY - ENGINE COMPARTMENT,1798327
WIRE ASSY - JUMPER,1908007
WIRING ASSY - BRAKE SKID CONTROL,2539849
WIRE ASSY - JUMPER,2793878
WIRE - PARKING DISTANCE AID SENSOR,2204560
WIRE ASSY - FUEL SENDER,1813817
WIRE ASSY - JUMPER,1700029
WIRE ASSY - JUMPER,1834869
WIRE ASSY - JUMPER,1707370
WIRING - REAR DOOR,1913353
WIRE ASSY - JUMPER,2605373
WIRE ASSY - SWITCHES,2204749
WIRE ASSY - JUMPER,1758685
WIRE ASSY - JUMPER,2366090
WIRE ASSY - JUMPER,2366106
WIRE ASSY - JUMPER,2366144
JUMPER WIRING,2761655
WIRE ASSY - JUMPER,2721207
CABLE ASSY,2031816
WIRE - PARKING DISTANCE AID SENSOR,2523236
WIRE ASSY - JUMPER,1774777
WIRE ASSY - JUMPER,2377296
WIRE ASSY - FAN MOTOR,2191810
CABLE ASSY,2056887
WIRE ASSY - JUMPER,1467801
WIRE - PARKING DISTANCE AID SENSOR,2142335
WIRING ASSY - ENGINE COMPARTMENT,2762455
WIRING - EXHAUST EMISSION CONTROL,2056992
WIRE ASSY - JUMPER,2684823
WIRE ASSY - MOTOR,1799073
WIRE ASSY - FUSE BOX FEED,2621829
WIRE ASSY - JUMPER,1889172
WIRE ASSY - JUMPER,1889157
WIRE ASSY - JUMPER,2205813
JUMPER WIRING,1794232
WIRE ASSY - JUMPER,1873542
WIRING ASSY - BRAKE SKID CONTROL,1701018
WIRE ASSY - JUMPER,2780099
WIRE ASSY - JUMPER,2780101
CABLE ASSY - EXTENSION,2253531
WIRE ASSY - JUMPER,2674222
WIRE ASSY - JUMPER,2445797
WIRE - JUMP - CENTRAL DOOR LOCKING,2234871
WIRING ASSY - TAILGATE,2642968
WIRING - INSTRUMENT PANEL/RR LAMPS,2805894
CABLE ASSY - EXTENSION,1929530
WIRE ASSY - FUEL SENDER,2307047
WIRE ASSY - RADIO FEED,2759305
WIRING ASSY - ALTERNATOR,2846330
WIRE ASSY - JUMPER,2530787
WIRING ASSY - ALTERNATOR,2667544
WIRE ASSY - JUMPER,2449935
CABLE ASSY - BATTERY TO BATTERY,2795932
WIRING ASSY - ALTERNATOR,2838188
WIRE ASSY - JUMPER,2715111
WIRE ASSY - FUEL SENDER,2804059
WIRE ASSY - JUMPER,2831539
WIRE ASSY - JUMPER,2830523
WIRE ASSY - JUMPER,2315842
WIRE ASSY - JUMPER,2089149
WIRE ASSY - JUMPER,2818964
JUMPER WIRING,2809463
WIRE ASSY - JUMPER,2755272
WIRE ASSY - JUMPER,2755806
WIRE ASSY - JUMPER,2773756
BOOT,2865827
CABLE ASSY - EXTENSION,2676813
WIRE ASSY - SWITCHES,2056806
WIRE - PARKING DISTANCE AID SENSOR,2472385
CABLE - BATTERY TO STARTER MOTOR,1134042
WIRING ASSY - REAR LAMPS,2188805
WIRE ASSY - FOG LAMP,2444820
WIRE ASSY - AIR CONDITIONER,2346134
WIRING ASSY - BRAKE SKID CONTROL,1430831
WIRE ASSY - JUMPER,1883621
WIRE - PARKING DISTANCE AID SENSOR,2131615
WIRE ASSY - JUMPER,1755881
CABLE ASSY - BATTERY TO BATTERY,2145589
WIRE - PARKING DISTANCE AID SENSOR,2388428
CABLE ASSY - EXTENSION,1303326
WIRING ASSY - TRANSMISSION,2479322
WIRE ASSY - FUEL SENDER,2604123
WIRING - EXHAUST EMISSION CONTROL,1912298
CABLE - BATTERY TO STARTER MOTOR,2751851
CABLE ASSY - BATTERY TO BATTERY,2099525
CABLE ASSY,2017922
WIRING ASSY - REAR LAMPS,2203456
WIRE ASSY - JUMPER,1912539
WIRE ASSY - SWITCHES,2002100
WIRE ASSY - JUMPER,2083603
WIRE ASSY - JUMPER,2400026
WIRING - EXHAUST EMISSION CONTROL,2670531
WIRE ASSY - JUMPER,1884022
WIRE ASSY - JUMPER,2715076
WIRE ASSY - JUMPER,2715070
WIRE ASSY - JUMPER,1883995
WIRE ASSY - JUMPER,2537854
WIRE ASSY - JUMPER,1818441
WIRE ASSY - JUMPER,2697776
WIRE - PARKING DISTANCE AID SENSOR,1884053
BATTERY MANAGEMENT SYSTEM,2033958
CABLE ASSY - BATTERY TO BATTERY,2084344
WIRE - PARKING DISTANCE AID SENSOR,2537992
CABLE ASSY - EXTENSION,1687682
WIRE ASSY - JUMPER,2022221
WIRE ASSY - JUMPER,2184476
WIRE ASSY - JUMPER,2184465
WIRING ASSY - REAR LAMPS,2609866
SOCKET AND WIRE ASSY - LAMP,2771709
WIRE ASSY - JUMPER,2429924
WIRE ASSY - SWITCHES,2582847
WIRE ASSY - JUMPER,1897185
WIRING - INSTRUMENT PANEL/RR LAMPS,2711579
WIRING ASSY - ALTERNATOR,2361143
WIRE - PARKING DISTANCE AID SENSOR,1779845
CABLE ASSY,1942835
WIRE ASSY - JUMPER,1942862
WIRE ASSY - JUMPER,1677000
WIRE ASSY - JUMPER,2326470
CABLE ASSY - EXTENSION,1387668
CABLE ASSY - EXTENSION,2633501
WIRE ASSY - FUEL SENDER,2395130
WIRE ASSY - JUMPER,2705017
WIRING ASSY - REAR LAMPS,2475149
WIRE ASSY - AIR CONDITIONER,2678117
WIRE ASSY - JUMPER,1742324
WIRING ASSY - TAILGATE,2487684
WIRE - PARKING DISTANCE AID SENSOR,2424473
WIRE ASSY - JUMPER,2054138
WIRE ASSY - JUMPER,2689470
WIRE ASSY - JUMPER,2754597
WIRE ASSY - AIR CONDITIONER,2754652
WIRE ASSY - JUMPER,2027278
CABLE ASSY - BATTERY TO BATTERY,2794498
WIRING - EXHAUST EMISSION CONTROL,2164156
WIRE ASSY - FUSE BOX FEED,2689625
WIRE ASSY - BRAKE PAD WEAR WARNING,2746089
WIRE ASSY - RADIO FEED,2773082
CABLE ASSY - BATTERY TO BATTERY,2594780
WIRE ASSY - JUMPER,2019350
WIRE - PARKING DISTANCE AID SENSOR,2015745
CABLE ASSY - EXTENSION,1459921
WIRE ASSY - SWITCHES,1933102
CABLE ASSY - EXTENSION,2448646
WIRE - PARKING DISTANCE AID SENSOR,2522561
WIRE - PARKING DISTANCE AID SENSOR,2494219
CABLE ASSY - EXTENSION,2374159
WIRE - PARKING DISTANCE AID SENSOR,1766652
WIRE ASSY - FUEL SENDER,2442886
WIRE ASSY - JUMPER,2150014
WIRE ASSY - FUEL SENDER,2040900
WIRE ASSY - JUMPER,2768577
WIRE ASSY - JUMPER,2768580
SHIELD,2200587
CABLE ASSY,2172895
WIRE ASSY - JUMPER,2005146
WIRE - PARKING DISTANCE AID SENSOR,1909967
WIRE ASSY - JUMPER,1849935
WIRE ASSY - JUMPER,2768624
WIRE ASSY - FUEL SENDER,2756895
WIRE ASSY - JUMPER,1849940
WIRE - PARKING DISTANCE AID SENSOR,2285332
JUMPER WIRING,2680210
WIRE ASSY - JUMPER,2763170
WIRE ASSY - JUMPER,2512147
WIRE ASSY - JUMPER,2512137
WIRING - INSTRUMENT PANEL/RR LAMPS,2768706
WIRE ASSY - JUMPER,2541359
WIRE ASSY - FUEL SENDER,2363542
WIRING ASSY - TAILGATE,2607424
WIRE ASSY - FUEL SENDER,2363543
WIRE - PARKING DISTANCE AID SENSOR,2024258
COVER - ADDITIONAL FUSE BOX,1385557
WIRE ASSY - JUMPER,2607459
WIRING ASSY - ALTERNATOR,2574822
